{"cameraMode":{"drawMode":0,"name":"Shaded","section":"Shading Mode"},"sceneLighting":true,"audioPlay":false,"sceneViewState":{"showFog":true,"showMaterialUpdate":true,"showSkybox":true,"showFlares":true,"showImageEffects":true,"showParticleSystems":true},"in2DMode":false,"pivot":{"x":44.05500030517578,"y":47.28691101074219,"z":-110.52505493164063},"rotation":{"x":-0.24865812063217164,"y":-0.10836917906999588,"z":0.02800801396369934,"w":-0.9621022939682007},"size":11.420141220092774,"orthographic":false}