{"cameraMode":{"drawMode":0,"name":"Shaded","section":"Shading Mode"},"sceneLighting":true,"audioPlay":false,"sceneViewState":{"showFog":true,"showMaterialUpdate":true,"showSkybox":true,"showFlares":true,"showImageEffects":true,"showParticleSystems":true},"in2DMode":false,"pivot":{"x":34.64616394042969,"y":3.6688194274902345,"z":-31.253433227539064},"rotation":{"x":0.5635744333267212,"y":-0.02876891940832138,"z":0.019645748659968377,"w":0.825330376625061},"size":45.28669738769531,"orthographic":false}