{"cameraMode":{"drawMode":0,"name":"Shaded","section":"Shading Mode"},"sceneLighting":true,"audioPlay":false,"sceneViewState":{"showFog":true,"showMaterialUpdate":true,"showSkybox":true,"showFlares":true,"showImageEffects":true,"showParticleSystems":true},"in2DMode":false,"pivot":{"x":-24.904760360717775,"y":6.465055465698242,"z":-94.94598388671875},"rotation":{"x":0.014650014229118824,"y":-0.9829232096672058,"z":0.15975496172904969,"w":0.09014289081096649},"size":64.4022445678711,"orthographic":false}