{"cameraMode":{"drawMode":0,"name":"Shaded","section":"Shading Mode"},"sceneLighting":true,"audioPlay":false,"sceneViewState":{"showFog":true,"showMaterialUpdate":true,"showSkybox":true,"showFlares":true,"showImageEffects":true,"showParticleSystems":true},"in2DMode":false,"pivot":{"x":-30.973331451416017,"y":-7.585648536682129,"z":-99.6688461303711},"rotation":{"x":0.051432251930236819,"y":-0.944322407245636,"z":0.2711571156978607,"w":0.17911933362483979},"size":64.4022445678711,"orthographic":false}