{"cameraMode":{"drawMode":0,"name":"Shaded","section":"Shading Mode"},"sceneLighting":true,"audioPlay":false,"sceneViewState":{"showFog":true,"showMaterialUpdate":true,"showSkybox":true,"showFlares":true,"showImageEffects":true,"showParticleSystems":true},"in2DMode":false,"pivot":{"x":-4.5029144287109379,"y":25.977863311767579,"z":-53.37185287475586},"rotation":{"x":0.14770418405532838,"y":-0.7354123592376709,"z":0.16996081173419953,"w":0.6391130089759827},"size":45.28669738769531,"orthographic":false}